Token Name,Symbol,Address,Change %
"Wrapped liquid staked Ether 2.0
(wstETH)",wstETH,0xc1cba3fcea344f92d9239c08c0568f6f2f0ee452,5.66%
"Wrapped BTC
(WBTC)",WBTC,0x0555E30da8f98308EdB960aa94C0Db47230d2B9c,1.03%
"Wrapped eETH
(weETH.base)",weETH.base,0x04c0599ae5a44757c0af6f9ec3b93da8976c150a,6.29%
"Wrapped Ether
(WETH)",WETH,0x4200000000000000000000000000000000000006,6.79%
"USDS Stablecoin
(USDS)",USDS,0x820c137fa70c8691f0e44dc420a5e53c168921dc,0.02%
"Polkadot Token (Relay Chain)
(DOT)",DOT,0x8d010bf9c26881788b4e6bf5fd1bdc358c8f90b8,0.52%
"Coinbase Wrapped BTC
(cbBTC)",cbBTC,0xcbb7c0000ab88b473b1f5afd9ef808440eed33bf,1.25%
"Staked USDe
(sUSDe)",sUSDe,0x211Cc4DD073734dA055fbF44a2b4667d5E5fE5d2,0.15%
"Aave Token
(AAVE)",AAVE,0x63706e401c06ac8513145b7687a14804d17f814b,5.13%
"ENA
(ENA)",ENA,0x58538e6A46E07434d7E7375Bc268D3cb839C0133,7.87%
"Wrapped PENGU
(WPENGU)",WPENGU,0xbcb8209c3c482a46dd9a5e7bc06e8cfb04670477,2.43%
"Savings USDS
(sUSDS)",sUSDS,0x5875eee11cf8398102fdad704c9e96607675467a,0.03%
"Spark USDC Vault
(sUSDC)",sUSDC,0x3128a0f7f0ea68e7b7c9b00afa7e41045828e858,0.03%
"OFFICIAL TRUMP
(TRUMP)",TRUMP,0xc27468b12ffa6d714b1b5fbc87ef403f38b82ad4,1.34%
"Wrapped TRUMP
(WTRUMP)",WTRUMP,0xc05ec5235ce6050375adce1f86bbec949c3c366f,1.34%
"Liquid Staked ETH
(LsETH)",LsETH,0xb29749498954a3a821ec37bde86e386df3ce30b6,4.65%
"Lombard Staked BTC
(LBTC)",LBTC,0xecac9c5f704e954931349da37f60e39f515c11c1,1.65%
"Renzo Restaked ETH
(ezETH)",ezETH,0x2416092f143378750bb29b79ed961ab195cceea5,6.16%
"Aerodrome
(AERO)",AERO,0x940181a94a35a4569e4529a3cdfb74e38fd98631,9.82%
"Curve DAO Token
(CRV)",CRV,0x8Ee73c484A26e0A5df2Ee2a4960B789967dd0415,3.20%
"Solv BTC
(SolvBTC)",SolvBTC,0x3b86ad95859b6ab773f55f8d94b4b9d443ee931f,1.22%
"Super OETH
(superOETHb)",superOETHb,0xdbfefd2e8460a6ee4955a68582f85708baea60a3,6.13%
"Pendle
(PENDLE)",PENDLE,0xa99f6e6785da0f5d6fb42495fe424bce029eeb3e,2.05%
"clBTC
(clBTC)",clBTC,0x8d2757ea27aabf172da4cca4e5474c76016e3dc5,2.08%
"Morpho Token
(MORPHO)",MORPHO,0xBAa5CC21fd487B8Fcc2F632f3F4E8D37262a0842,10.76%
"cgETH Hashkey Cloud
(cgETH.hashkey)",cgETH.hashkey,0xf587b7116879a529353cc71ee959cd69fd5cae48,3.01%
"Virtual Protocol
(VIRTUAL)",VIRTUAL,0x0b3e328455c4059EEb9e3f84b5543F74E24e7E1b,2.36%
"Pyth Network
(PYTH)",PYTH,0x4c5d8A75F3762c1561D96f177694f67378705E98,0.80%
"Wrapped USDX
(USDX)",USDX,0xf3527ef8de265eaa3716fb312c12847bfba66cef,0.03%
"Coinbase Wrapped Staked ETH
(cbETH)",cbETH,0x2ae3f1ec7f1f5012cfeab0185bfc7aa3cf0dec22,6.29%
"Usual USD
(USD0)",USD0,0x758a3e0b1f842c9306b783f8a4078c6c8c03a270,0.01%
"ether.fi governance token
(ETHFI)",ETHFI,0x6c240dda6b5c336df09a4d011139beaaa1ea2aa2,6.72%
"Frax Ether
(frxETH)",frxETH,0x7eb8d1e4e2d0c8b9beda7a97b305cf49f3eee8da,5.82%
"Telcoin
(TEL)",TEL,0x09bE1692ca16e06f536F0038fF11D1dA8524aDB1,6.66%
"Fluid
(FLUID)",FLUID,0x61e030a56d33e8260fdd81f03b162a79fe3449cd,5.07%
"BIO
(BIO)",BIO,0x226a2fa2556c48245e57cd1cba4c6c9e67077dd2,51.99%
"Compound
(COMP)",COMP,0x9e1028F5F1D5eDE59748FFceE5532509976840E0,1.14%
"SuperVerse
(SUPER)",SUPER,0x391359ab0ccef572dcac78f74e47d7c06db0b982,1.45%
"Wormhole Token
(W)",W,0xB0fFa8000886e57F86dd5264b9582b2Ad87b2b91,1.56%
"Staked Frax Ether
(sfrxETH)",sfrxETH,0x192e0c7cc9b263d93fa6d472de47bbefe1fb12ba,6.31%
"ether.fi BTC
(eBTC)",eBTC,0x657e8c867d8b37dcc18fa4caead9c45eb088c642,2.21%
"Zora
(ZORA)",ZORA,0x1111111111166b7fe7bd91427724b487980afc69,3.99%
"Compounding Open Dollar
(cUSDO)",cUSDO,0x83db73ef5192de4b6a4c92bd0141ba1a0dc87c65,0.03%
"KAITO
(KAITO)",KAITO,0x98d0baa52b2d063e780de12f615f963fe8537553,1.47%
"Wrapped sUSDX
(sUSDX)",sUSDX,0x7788a3538c5fc7f9c7c8a74eac4c898fc8d87d92,0.14%
"Moca
(MOCA)",MOCA,0x2b11834ed1feaed4b4b3a86a6f571315e25a884d,1.13%
"uniBTC
(uniBTC)",uniBTC,0x93919784C523f39CACaa98Ee0a9d96c3F32b593e,0.69%
"EURC
(EURC)",EURC,0x60a3e35cc302bfa44cb288bc5a4f316fdb1adb42,0.20%
"Synthetix Network Token
(SNX)",SNX,0x22e6966b799c4d5b13be962e1d117b56327fda66,0.03%
"Non-Playable Coin
(NPC)",NPC,0xb166e8b140d35d9d8226e40c09f757bac5a4d87d,8.13%
"Euler
(EUL)",EUL,0xa153ad732f831a79b5575fa02e793ec4e99181b0,6.05%
"Reward EUL
(rEUL)",rEUL,0xe08e1f00d388e201e48842e53fa96195568e6813,6.05%
"yearn.finance
(YFI)",YFI,0x9eaf8c1e34f05a589eda6bafdf391cf6ad3cb239,2.34%
"CoW Protocol Token
(COW)",COW,0xc694a91e6b071bf030a18bd3053a7fe09b6dae69,2.42%
"MAG7.ssi
(MAG7.ssi)",MAG7.ssi,0x9e6a46f294bb67c20f1d1e7afb0bbef614403b55,2.02%
"UXLINK Token
(UXLINK)",UXLINK,0x1A6B3A62391ECcaaa992ade44cd4AFe6bEC8CfF1,1.42%
"Melania Meme
(MELANIA)",MELANIA,0x813f392d21a55819be5e78157bfcdbd25530f4e8,1.01%
"Osaka Protocol
(OSAK)",OSAK,0xbFd5206962267c7b4b4A8B3D76AC2E1b2A5c4d5e,4.91%
"Horizen
(ZEN)",ZEN,0xf43eB8De897Fbc7F2502483B2Bef7Bb9EA179229,3.35%
"Degen
(DEGEN)",DEGEN,0x4ed4e862860bed51a9570b96d89af5e1b0efefed,4.73%
"WorldMobileToken
(WMTX)",WMTX,0x3e31966d4f81C72D2a55310A6365A56A4393E98D,0.20%
"YieldFi yUSD
(yUSD)",yUSD,0x4772D2e014F9fC3a820C444e3313968e9a5C8121,0.09%
"Anzen USDz Bond
(AnzBond)",AnzBond,0xa87c9808c0ebe20a1427b5c769623c77201f6f4d,0.05%
"USDz
(USDz)",USDz,0x04D5ddf5f3a8939889F11E97f8c4BB48317F1938,0.05%
"Dola USD Stablecoin
(DOLA)",DOLA,0x4621b7a9c75199271f773ebd9a499dbd165c3191,0.05%
"Redstone
(RED)",RED,0x4eb92702ba4cfbf80561bad64d89c706ac824960,0.22%
"FAI
(FAI)",FAI,0xb33ff54b9f7242ef1593d2c9bcd8f9df46c77935,5.47%
"Prime
(PRIME)",PRIME,0xfA980cEd6895AC314E7dE34Ef1bFAE90a5AdD21b,1.50%
"pumpBTC
(pumpBTC)",pumpBTC,0xF469fBD2abcd6B9de8E169d128226C0Fc90a012e,0.96%
"Phala
(PHA)",PHA,0x336c9297afb7798c292e9f80d8e566b947f291f0,0.20%
"REI
(REI)",REI,0x6b2504a03ca4d43d0d73776f6ad46dab2f2a4cfd,6.38%
"Sign
(SIGN)",SIGN,0x868fced65edbf0056c4163515dd840e9f287a4c3,0.70%
"HarryPotterObamaSonic10Inu
(BITCOIN)",BITCOIN,0x2a06a17cbc6d0032cac2c6696da90f29d39a1a29,6.57%
"BIM
(BIM)",BIM,0x555fff48549c1a25a723bd8e7ed10870d82e8379,6.17%
"Apu Apustaja
(APU)",APU,0xb9926b3fbc5873db0182016d55727d5ae89e5efd,8.31%
"Cookie DAO
(COOKIE)",COOKIE,0xc0041ef357b183448b235a8ea73ce4e4ec8c265f,1.56%
"B3 (Base)
(B3)",B3,0xb3b32f9f8827d4634fe7d973fa1034ec9fddb3b3,3.91%
"USUAL
(USUAL)",USUAL,0x4acd4d03af6f9cc0fb7c5f0868b7b6287d7969c5,0.73%
"Frax USD
(frxUSD)",frxUSD,0xe5020a6d073a794b6e7f05678707de47986fb0b6,0.01%
"Kyber Network Crystal v2
(KNC)",KNC,0x28fe69ff6864c1c218878bdca01482d36b9d57b1,1.33%
"Gains Network
(GNS)",GNS,0xFB1Aaba03c31EA98A3eEC7591808AcB1947ee7Ac,4.74%
"Ponke
(PONKE)",PONKE,0x4a0c64af541439898448659aedcec8e8e819fc53,3.67%
"tokenbot
(CLANKER)",CLANKER,0x1bc0c42215582d5a085795f4badbac3ff36d1bcb,7.05%
"Zentry
(ZENT)",ZENT,0xdf49c226ED9CF05Be0e38cdb86Df4E8A945158B1,1.67%
"Impossible Cloud Network Token
(ICNT)",ICNT,0xE0Cd4cAcDdcBF4f36e845407CE53E87717b6601d,5.18%
"Curve.fi Factory Plain Pool: Overnight/Curve
(USD+crvUSD-f)",USD+crvUSD-f,0xda3de145054ed30ee937865d31b500505c4bdfe7,0.02%
"USD+
(USD+)",USD+,0xb79dd08ea68a908a97220c76d19a6aa9cbde4376,0.02%
"Moonwell Flagship USDC
(mwUSDC)",mwUSDC,0xc1256ae5ff1cf2719d4937adb3bbccab2e00a2ca,10.75%
"yoVaultETH
(yoETH)",yoETH,0x3a43aec53490cb9fa922847385d82fe25d0e9de7,5.79%
"Autonolas
(OLAS)",OLAS,0x54330d28ca3357f294334bdc454a032e7f353416,3.66%
"SmarDex Token
(SDEX)",SDEX,0xfd4330b0312fdeec6d4225075b82e00493ff2e3f,2.58%
"PARTI Token
(PARTI)",PARTI,0x59264f02d301281f3393e1385c0aefd446eb0f00,0.44%
"brBTC
(brBTC)",brBTC,0x3376ebca0a85fc8d791b1001a571c41fdd61514a,1.43%
"Coinbase Wrapped XRP
(cbXRP)",cbXRP,0xcb585250f852c6c6bf90434ab21a00f02833a4af,1.89%
"BOBO
(BOBO)",BOBO,0x570b1533f6daa82814b25b62b5c7c4c55eb83947,6.87%
"Renzo
(REZ)",REZ,0xf757c9804cf2ee8d8ed64e0a8936293fe43a7252,1.29%
"GraphAI
(GAI)",GAI,0x3489256febdb1dc930dc3743617ad387cd6d3568,3.43%
"Mr. Miggles
(MIGGLES)",MIGGLES,0xb1a03eda10342529bbf8eb700a06c60441fef25d,4.59%
"LimeWire Token
(LMWR)",LMWR,0xe997017e0cb0ceb503565f181e9ea922cd979c35,2.90%
"Orbiter Token
(OBT)",OBT,0x514d8e8099286a13486ef6c525c120f51c239b52,5.04%
"Auki Token
(AUKI)",AUKI,0xF9569cFb8FD265e91aa478d86ae8c78b8AF55Df4,5.87%
"Metacade
(MCADE)",MCADE,0xc48823ec67720a04a9dfd8c7d109b2c3d6622094,6.19%
"The Innovation Game
(TIG)",TIG,0x0c03ce270b4826ec62e7dd007f0b716068639f7b,22.25%
"Aavegotchi GHST Token
(GHST)",GHST,0xcd2f22236dd9dfe2356d7c543161d4d260fd9bcb,2.46%
"AITV
(AITV)",AITV,0x45e4e92F5A94F4B741C9cb553FF8bE7B25Eb7dF5,5.68%
"Based Fartcoin
(Fartcoin)",Fartcoin,0x2f6c17fa9f9bc3600346ab4e48c0701e1d5962ae,1.61%
"DEFI.ssi
(DEFI.ssi)",DEFI.ssi,0x164ffdae2fe3891714bc2968f1875ca4fa1079d0,1.65%
"Dimo
(DIMO)",DIMO,0x5eAA326fB2fc97fAcCe6A79A304876daD0F2e96c,0.09%
"yoVaultUSD
(yoUSD)",yoUSD,0x0000000f2eb9f69274678c76222b35eec7588a65,0.03%
"BMX
(BMX)",BMX,0x548f93779fbc992010c07467cbaf329dd5f059b7,2.75%
"Ethix
(ETHIX)",ETHIX,0xACAd1d3107808577022387C07512E7828694B2a2,1.69%
"Cornucopias
(COPI)",COPI,0x0a953dd9fc813fefaf6015b804c9dfa0624690c0,1.08%
"IMO
(IMO)",IMO,0x5a7a2bf9ffae199f088b25837dcd7e115cf8e1bb,1.39%
"SWEAT
(SWEAT)",SWEAT,0x227d920e20ebac8a40e7d6431b7d724bb64d7245,1.89%
"True
(TRUE)",TRUE,0x21cfcfc3d8f98fc728f48341d10ad8283f6eb7ab,13.23%
"Luna by Virtuals
(LUNA)",LUNA,0x55cd6469f597452b5a7536e2cd98fde4c1247ee4,0.89%
"Overtime DAO Token
(OVER)",OVER,0x7750c092e284e2c7366f50c8306f43c7eb2e82a2,4.21%
"Spheron Network
(SPON)",SPON,0x080d43c2164afdbc3712422ce78ab902ccab5ca1,4.56%
"BasedPepe
(PEPE)",PEPE,0x52b492a33E447Cdb854c7FC19F1e57E8BfA1777D,3.55%
"Botto
(BOTTO)",BOTTO,0x24914cb6bd01e6a0cf2a9c0478e33c25926e6a0c,5.30%
"Kryll
(KRL)",KRL,0xdae49c25fad3a62a8e8bfb6da12c46be611f9f7a,1.93%
"Frankencoin
(ZCHF)",ZCHF,0xd4dd9e2f021bb459d5a5f6c24c12fe09c5d45553,1.25%
"Christ is King
(CIK)",CIK,0xb5d409f6e679b0f89a669ac9714173177683eb7c,11.50%
"PAID Network
(PAID)",PAID,0x655A51e6803faF50D4acE80fa501af2F29C856cF,11.45%
"Axelrod by Virtuals
(AXR)",AXR,0x58Db197E91Bc8Cf1587F75850683e4bd0730e6BF,2.52%
"Pinto
(PINTO)",PINTO,0xb170000aeefa790fa61d6e837d1035906839a3c8,0.96%
"Spectral Token
(SPEC)",SPEC,0x96419929d7949d6a801a6909c145c8eef6a40431,5.47%
"Liquid Mercury
(MERC)",MERC,0x8923947EAfaf4aD68F1f0C9eb5463eC876D79058,2.64%
"GammaSwap
(GS)",GS,0xc4d44c155f95FD4E94600d191a4a01bb571dF7DF,0.15%
"Pepper
(PEPPER)",PEPPER,0xbf388570ebd5b88bfc7cd21ec469813c15f453a3,6.08%
"Truflation
(TRUF)",TRUF,0xB59c8912c83157a955f9D715E556257F432C35D7,3.52%
"frok.ai
(FROK)",FROK,0x42069BAbe14fB1802C5CB0F50BB9D2Ad6FEf55e2,6.61%
"Heurist
(HEU)",HEU,0xef22cb48b8483df6152e1423b19df5553bbd818b,1.93%
"Heroes of Mavia
(MAVIA)",MAVIA,0x24fcFC492C1393274B6bcd568ac9e225BEc93584,2.58%
"MaviaMarketPool
(MMP)",MMP,0xecc312CBDC0884C41FE1579ea33686DdAcc90c42,2.58%
"Masa Token
(MASA)",MASA,0xab1e131c6984cc149ef45931073d11ae35497191,3.00%
"USSI
(USSI)",USSI,0x3a46ed8fceb6ef1ada2e4600a522ae7e24d2ed18,0.07%
"Tarot
(TAROT)",TAROT,0xf544251d25f3d243a36b07e7e7962a678f952691,4.70%
"Extra Finance
(EXTRA)",EXTRA,0x2dad3a13ef0c6366220f989157009e501e7938f8,2.20%
"BSX
(BSX)",BSX,0xd47f3e45b23b7594f5d5e1ccfde63237c60be49e,16.12%
"DivergenceProtocol
(DIVER)",DIVER,0x81949bd04fa0eef0239aa7f8caeb72bbc15bf3ae,3.35%
"OVR
(OVR)",OVR,0x27e3bc3a66e24cad043ac3d93a12a8070e3897ba,6.11%
"Odos Token
(ODOS)",ODOS,0xca73ed1815e5915489570014e024b7ebe65de679,0.27%
"Sipher Token
(SIPHER)",SIPHER,0xd0d1e44fc9adaeb732f73ffc2429cd1db9cd4529,0.88%
"SPORT
(SPORT)",SPORT,0xd007c4c900d1df6caea2a4122f3d551d7dfe08b0,1.99%
"717ai by Virtuals
(WIRE)",WIRE,0x0b3ae50babe7ffa4e1a50569cee6bdefd4ccaee0,1.84%
"Rai.Finance
(SOFI)",SOFI,0x703d57164ca270b0b330a87fd159cfef1490c0a5,12.28%
"Nya
(NYA)",NYA,0x38F9bf9dCe51833Ec7f03C9dC218197999999999,3.92%
"Eagle AI
(EAI)",EAI,0x6797B6244fA75F2e78cDFfC3a4eb169332b730cc,10.64%
"VNX Franc
(VCHF)",VCHF,0x1fca74d9ef54a6ac80ffe7d3b14e76c4330fd5d8,0.20%
"Blockasset
(BLOCK)",BLOCK,0x59268e3edc45f97d4d918732d8f59541b7b26457,5.20%
"Paragons DAO Token
(PDT)",PDT,0xeff2A458E464b07088bDB441C21A42AB4b61e07E,14.94%
"JKL
(JKL)",JKL,0x4eed0d2deb4c588393c80869b122327581b0d98e,9.63%
"Aura
(AURA)",AURA,0x4381bc7d5640bf514a508e2732ec522c650c414c,2.42%
"MetaInside by Virtuals
(MIN)",MIN,0xbB59167235BF3588b357De6cD98Ca6f94D753C76,164.93%
"TRVL
(TRVL)",TRVL,0x74aa9bB52B36a378a6E641B86d7acb76Dc9b3940,13.98%
"higher
(HIGHER)",HIGHER,0x0578d8a44db98b23bf096a382e016e29a5ce0ffe,2.35%
"Brian
(BRIAN)",BRIAN,0x3ecced5b416e58664f04a39dd18935eb71d33b15,3.44%
"Sui (Universal)
(uSUI)",uSUI,0xb0505e5a99abd03d94a1169e638b78edfed26ea4,2.42%
"IMGN Labs
(IMGN)",IMGN,0x9bba915f036158582c20b51113b925f243a1a1a1,2.97%
"ARC
(ARC)",ARC,0x61ca70b867a48265e553a7fbb81bfe44fada7ae6,4.22%
"iBTC
(IBTC)",IBTC,0x12418783e860997eb99e8aCf682DF952F721cF62,1.32%
"donotfomoew
(MOEW)",MOEW,0x15ac90165f8b45a80534228bdcb124a011f62fee,2.25%
"DeHub
(DHB)",DHB,0xD20ab1015f6a2De4a6FdDEbAB270113F689c2F7c,5.62%
"Shrub
(SHRUB)",SHRUB,0x1EEfD52F6e218f262Da7B0089B9E343A1EB5C9F4,2.24%
"Bitcoin on Base
(BTCB)",BTCB,0x0c41f1fc9022feb69af6dc666abfe73c9ffda7ce,3.05%
"Coinbase Wrapped DOGE
(cbDOGE)",cbDOGE,0xcbd06e5a2b0c65597161de254aa074e489deb510,3.65%
"Splintershards
(SPS)",SPS,0x578661e9a09eee6b2cd97d4ded1ccbae7b8516b9,0.47%
"Common Wealth Token
(WLTH)",WLTH,0x99b2b1a2adb02b38222adcd057783d7e5d1fcc7d,3.51%
"Vertex
(VRTX)",VRTX,0xfb0c734fc3008683c5eff45bcf8128836c4d97d0,10.10%
"ZARP Stablecoin
(ZARP)",ZARP,0xb755506531786C8aC63B756BaB1ac387bACB0C04,0.40%
"CrappyBird
(CRAPPY)",CRAPPY,0xc8e51fefd7d595c217c7ab641513faa4ad522b26,4.78%
"AGENT@base
(AGENT)",AGENT,0x7e5fe1e587a5c38b4a4a9ba38a35096f8ea35aac,3.96%
"MASQ
(MASQ)",MASQ,0x45d9c101a3870ca5024582fd788f4e1e8f7971c3,4.11%
"izumi Token
(iZi)",iZi,0x60D01EC2D5E98Ac51C8B4cF84DfCCE98D527c747,0.92%
"RWA Inc
(RWA)",RWA,0xe2b1dc2d4a3b4e59fdf0c47b71a7a86391a8b35a,1.53%
"Crestal Nation
(NATION)",NATION,0x2f74f818e81685c8086dd783837a4605a90474b8,5.81%
"VNX Euro
(VEUR)",VEUR,0x4ed9df25d38795a47f52614126e47f564d37f347,0.19%
"Fuse Token
(FUSE)",FUSE,0x01facC69EC7360640AA5898E852326752801674A,2.02%
"DeFi-IRA
(IRA)",IRA,0x029c58a909fbe3d4be85a24f414dda923a3fde0f,2.93%
"Hive Intelligence
(HINT)",HINT,0x91da780bc7f4b7cf19abe90411a2a296ec5ff787,1.08%
"ivault Token
(IVT)",IVT,0x4b12507e171970b3acd48edfeb5bd1c676e61280,0.81%
"KOMPETE Token
(KOMPETE)",KOMPETE,0x8f019931375454Fe4EE353427eB94E2E0C9e0a8C,10.14%
"Aviator
(AVI)",AVI,0x3203856eac03d343f9d5245ba2f39861838a7b36,0.87%
"ARI
(ARI)",ARI,0xd1e6f3f0a7f40d5412f7471875879381441bf722,0.02%
"Clustr
(CLUSTR)",CLUSTR,0x4b361e60cf256b926ba15f157d69cac9cd037426,4.68%
"The Nation Token
(NATO)",NATO,0xd968196fa6977c4e58f2af5ac01c655ea8332d22,2.06%
"Dor Technologies
(DOR)",DOR,0xfe9885baff18074846aaa2d5541581adf068731d,2.79%
"Presearch
(PRE)",PRE,0x3816dd4bd44c8830c2fa020a5605bac72fa3de7a,4.28%
"FREE GUAC
(GUAC)",GUAC,0x9a2270cc7d21be4225d2c5c588e86c24395f77c1,4.38%
"ISLAND
(ISLAND)",ISLAND,0x157a6df6B74F4E5E45af4E4615FDe7B49225a662,1.90%
"Locked Money
(LMY)",LMY,0x739f93504a9e26d5973862dbc4a44178cc264852,5.53%
"Axelar Wrapped REGEN
(axlREGEN)",axlREGEN,0x2e6c05f1f7d1f4eb9a088bf12257f1647682b754,1.33%
"UnlockProtocolToken
(UP)",UP,0xaC27fa800955849d6D17cC8952Ba9dD6EAA66187,6.85%
"BEPRO Token
(BEPRO)",BEPRO,0xf1095aa7DC127ed45441aCfb742694d6a0261b00,7.12%
"Send
(SEND)",SEND,0xeab49138ba2ea6dd776220fe26b7b8e446638956,1.66%
"Superseed
(SUPR)",SUPR,0x17906b1cd88aa8efaefc5e82891b52a22219bd45,1.60%
"PKT
(PKT)",PKT,0x917F39Bb33B2483Dd19546b1E8D2f09ce481ee44,0.28%
"Chinese Doge Wow
(CHIDO)",CHIDO,0xf31e6d62bfc485857af2186eb3d8ee94b4379fed,3.54%
"AstroPepeX
(APX)",APX,0xcacf1ca03983ce6c7e235fb20c70acc70ed13509,3.64%
"SKOP Token
(SKOP)",SKOP,0x6d3B8C76c5396642960243Febf736C6BE8b60562,2.81%
"Slap
(SLAP)",SLAP,0x8890de1637912fbbba36b8b19365cdc99122bd6e,13.40%
"MEME.ssi
(MEME.ssi)",MEME.ssi,0xdd3acdbdc7b358df453a6cb6bca56c92aa5743aa,0.65%
"WoofWork.io
(WOOF)",WOOF,0xB3a9bd4861454bA94931ebFF410c3D828525dCe2,7.71%
"weirdo
(weirdo)",weirdo,0x76734b57dfe834f102fb61e1ebf844adf8dd931e,6.10%
"Azuro
(AZUR)",AZUR,0x2b4D0Fc2294Aa9686ADF6c5a7Ba25f66Dccdf6C0,1.21%
"Pett AI
(AIP)",AIP,0x02d4f76656c2b4f58430e91f8ac74896c9281cb9,5.23%
"DEUS
(DEUS)",DEUS,0xde5ed76e7c05ec5e4572cfc88d1acea165109e44,5.45%
"Based Froc
(FROC)",FROC,0x3c8cd0db9a01efa063a7760267b822a129bc7dca,1.14%
"PACA AI
(PACA)",PACA,0x3639e6f4c224ebd1bf6373c3d97917d33e0492bb,4.69%
"Rwax Token
(RWAX)",RWAX,0xe0023E73aab4fE9a22f059a9d27E857E027eE3dc,2.23%
"AI Agent Layer
(AIFUN)",AIFUN,0xbdf317f9c153246c429f23f4093087164b145390,0.13%
"Nabla
(NABLA)",NABLA,0x01ed85d73645523b0d62c7a8e35d03601cfd679b,7.95%
"Rob Banks
(Banks)",Banks,0x14b2f229097df3c92b43ea871860e3fae08d7f06,6.42%
"INT OS
(INTOS)",INTOS,0x42e07fa3d31190731368ca2f88d12d80139dca42,4.18%
"Wombat Token
(WOM)",WOM,0xd9541b08b375d58ae104ec247d7443d2d7235d64,1.72%
"Beni
(BENI)",BENI,0xde7a416ac821c77478340eebaa21b68297025ef3,3.47%
"JOOCE Memecoin Index
(JMX)",JMX,0x83190636c344cf1220ffcbfc0c1198f7867b3667,3.22%
"Alliewai by Virtuals
(AWAI)",AWAI,0x5081de08282c67e5f5d01073a85e8f992a41d780,12.81%
"Satori
(SATORI)",SATORI,0xc1c37473079884cbfcf4905a97de361fed414b2b,2.20%
"IDRISS
(IDRISS)",IDRISS,0x000096630066820566162c94874a776532705231,5.94%
"Chia Warped DBX
(wDBX)",wDBX,0x2dabffed5584dab0ca3f9a56ba849f97a08cad9a,6.94%
"Athena by Virtuals
(ATHENA)",ATHENA,0x1a43287cbfcc5f35082e6e2aa98e5b474fe7bd4e,1.95%
"Based Monsta
(MONSTA)",MONSTA,0xf5c83ea805e5aeff5de24c7da23ef246c2bf8ec7,0.59%
"BetSwirl v2
(BETS)",BETS,0x94025780a1ab58868d9b2dbbb775f44b32e8e6e5,6.95%
"yoVaultBTC
(yoBTC)",yoBTC,0xbcbc8cb4d1e8ed048a6276a5e94a3e952660bcbc,1.29%
"CYI by Virtuals
(CYI)",CYI,0x49c86046903807d0a3193a221c1a3e1b1b6c9ba3,7.19%
"Poncho
(PONCHO)",PONCHO,0xC2fE011C3885277c7F0e7ffd45Ff90cADc8ECD12,4.66%
"Perion Credits
(PERC)",PERC,0xf598797d9c160aef2a14712c20b7731cbe5861da,6.54%
"PIGGY
(PIGGY)",PIGGY,0xe3cf8dbcbdc9b220ddead0bd6342e245daff934d,8.97%
"Based Bonk
(Bonk)",Bonk,0x2dc1c8be620b95cba25d78774f716f05b159c8b9,12.69%
"Eli5a
(ELI5A)",ELI5A,0xd413485AA9Ca4f88419904255a2384F667dddCAB,72.13%
"Godcoin
(GOD)",GOD,0xb5130f4767ab0acc579f25a76e8f9e977cb3f948,3.65%
"Nounspace
(SPACE)",SPACE,0x48c6740bcf807d6c47c864faeea15ed4da3910ab,3.52%
"COQINU
(COQ)",COQ,0x420FcA0121DC28039145009570975747295f2329,6.55%
"AthenaX9
(AiX9)",AiX9,0x8e306e02ec1effc4fdad3f952fbeeebf3730ae19,1.68%
"TurboUSD Unstablecoin
(₸USD)",₸USD,0x3d5e487b21e0569048c4d1a60e98c36e1b09db07,11.53%
"Baseswap Token
(BSWAP)",BSWAP,0x78a087d713be963bf307b18f2ff8122ef9a63ae9,4.99%
"Wild Goat Coin
(WGC)",WGC,0x3d63825b0d8669307366e6c8202f656b9e91d368,1.26%
"Quadency Token
(QUAD)",QUAD,0x9a54ed8d4343E8d89477285A5a0ca06Be4051ddA,1.39%
"EdgeMatrix Computing network
(EMC)",EMC,0x20dcf8106bdc2ccccf84dd62dc486a7123a41d13,0.22%
"BASED APU
(APU)",APU,0x6f35720b272bf23832852b13ae9888c706e1a379,2.38%
"PREME Token
(PREME)",PREME,0x8c62ac3b71db8c81a764b84ffbc2a8d0bad7f111,0.37%
"AGIXBT by Virtuals
(AGIXBT)",AGIXBT,0x81496F85AbaF8bd2e13D90379fdE86C533D8670D,38.17%
"Virtu by Virtuals
(VIRTU)",VIRTU,0x41e0fe1317bd6e8944b037cd59b22d428c1434c2,1.38%
"LUMPY
(LUMPY)",LUMPY,0xaf6b42a3fe548c0ce73269235817fd47d8c149cd,2.68%
"Florence Finance Medici
(FFM)",FFM,0xb4e1b230dd0476238fc64c99ff9d6ccdfdb2258d,6.12%
"Inferium
(IFR)",IFR,0x01812ca908b5731be0db86000c15c5afa3e834b2,4.34%
"Dollar
(DOLLAR)",DOLLAR,0x72e72193ea14ac3b469f881989d18a2ba021b4c6,9.68%
"BOOK OF RUGS
(BOOK OF RUGS)",RUGS,0xbbe6693a1825270886fa53167359caa32ff87c5e,2.74%
"DogLibre
(DOGL)",DOGL,0xb757977bc882a14db86b048f2abb2f2a14d33184,0.34%
"Primex Finance
(PMX)",PMX,0x0B3EAEAd748facDb9d943d3407011f16Eb17D0Cf,1.23%
"VISION ai by Virtuals
(VISION)",VISION,0x50d7a818e5e339ebe13b17e130b5b608fac354dc,0.76%
"MPRO
(MPRO)",MPRO,0xd88611a629265c9af294ffdd2e7fa4546612273e,17.34%
"JOOCE
(JOOCE)",JOOCE,0x100ce3e3391c00b6a52911313a4ea8d23c8a38d8,2.49%
"UNLUCKY
(UNLUCKY)",UNLUCKY,0x3933012dcf9beb0d63778725345e04dcc0c69c7e,3.98%
"Basedmilio
(BASED)",BASED,0x28e29ec91db66733a94ee8e3b86a6199117baf99,7.50%
"Brett2.0
(Brett2.0)",Brett2.0,0x885129e35d247b01c4485ef6b48564d0ebc8c362,1.03%
"CV AGENTLAUNCHER Token
(CVAI)",CVAI,0x6b34d1c35689dba179c2eddf6a01530bbb1d28a8,4.56%
"Agent Zero
(WSB)",WSB,0x92dc4ab92eb16e781559e612f349916988013d5a,1.66%
"boots
(boots)",boots,0x6b9d4e6d4b610709377c07a63c8ac62c6661ab07,6.29%
"Larva Lads
(LAD)",LAD,0x40e3eddf6d253bb734381a309437428f121c594b,1.06%
"DeFAI
(DEFAI)",DEFAI,0xf857b2764095b9a5f57c3e71f82f297fe4e45334,4.25%
"BLUE
(BLUE)",BLUE,0x7f65323e468939073ef3b5287c73f13951b0ff5b,1.37%
"launchbot
(ROCKETAI)",ROCKETAI,0x03f64375f98aaafb617d18ca1e4a9a85a5c74476,7.54%
"Workie
(WORKIE)",WORKIE,0x7480527815ccAE421400Da01E052b120Cc4255E9,5.82%
"Rizz
(RIZZ)",RIZZ,0x6ce7c23B917284E21D55cEa20Acaeb2bC58594bE,0.71%
"Synth escrowed token
(xSYNTH)",xSYNTH,0x01CC6b33c63CeE896521D63451896C14D42D05Ea,0.83%
"Synth Token
(SYNTH)",SYNTH,0xbd2DBb8eceA9743CA5B16423b4eAa26bDcfE5eD2,0.83%
"senku ishigami by Virtuals
(SENKU)",SENKU,0x0671799F205b8880D270Fc6BEC77942636dd8C03,3.39%
"BINGO
(BINGO)",BINGO,0x1e339a1785b8114eef43e471c49c6ca327479aca,2.73%
"Sage Market
(SAGE)",SAGE,0xbb2a93afcf5d3af8ae28dd50d6c18556ea532c5a,4.60%
"AI Voice Agents
(AIVA)",AIVA,0xbdb0e1c40a76c5113a023d685b419b90b01e3d61,2.08%
"Laïka
(LAÏKA)",LAÏKA,0x05a5b4e217004eb84c6787e0ecbe7a46cfd94cdd,12.09%
"Dackie Token
(DACKIE)",DACKIE,0xc2bc7a73613b9bd5f373fe10b55c59a69f4d617b,3.93%
"Tadpole
(TAD)",TAD,0x55027a5b06f4340cC4C82DCC74C90cA93dcb173E,4.00%
"LaunchTokenBot
(CAPO)",CAPO,0x63cb9a22cbc00bf9159429e9dede4b88c3dba8ce,5.40%
"myEva
(MYEVA)",MYEVA,0x000307575269863b6cb67916b9e7fc3c6235c000,6.38%
"MOLLY ANALYTICS by Virtuals
(MOLLY)",MOLLY,0xA720777acB870De5395cD5888b3cD8fB763E74D2,0.04%
"Rebel by Virtuals
(REBELZ)",REBELZ,0x0aa9876c9ccf97be7eed5c4cee91d556bf7dbac3,1.23%
"APOLLO AI by Virtuals
(APL)",APL,0xb55fcd62ed44253c45735bde6703c44100935747,4.13%
"Unio Coin
(UNIO)",UNIO,0x01aaC2b594F7bdBeC740F0F1AA22910EbB4B74Ab,1.99%
"Altariste by Virtuals
(ASTA)",ASTA,0xf8f259389C1F29769e0388579D458Fb799489185,6.14%
"DRINK
(DRINK)",DRINK,0x2dc90Fa3a0f178ba4beE16CAc5D6c9A5a7B4C6cB,206.48%
"Aave Base cbETH
(aBascbETH)",aBascbETH,0xcf3d55c10db69f28fd1a75bd73f3d8a2d9c595ad,0.56%
"Wrapped Super OETH
(wsuperOETHb)",wsuperOETHb,0x7FcD174E80f264448ebeE8c88a7C4476AAF58Ea6,4.35%
"xPufETH
(xPufETH)",xPufETH,0x23da5f2d509cb43a59d43c108a43edf34510eff1,5.84%
"Aave Base WETH
(aBasWETH)",aBasWETH,0xd4a0e0b9149bcee3c920d2e00b5de09138fd8bb7,5.61%
